{"meta":{"version":1,"warehouse":"2.2.0"},"models":{"Asset":[{"_id":"themes/next/source/images/apple-touch-icon-next.png","path":"images/apple-touch-icon-next.png","modified":0,"renderable":1},{"_id":"themes/next/source/css/main.styl","path":"css/main.styl","modified":0,"renderable":1},{"_id":"themes/next/source/images/algolia_logo.svg","path":"images/algolia_logo.svg","modified":0,"renderable":1},{"_id":"themes/next/source/images/avatar.gif","path":"images/avatar.gif","modified":0,"renderable":1},{"_id":"themes/next/source/images/cc-by-nc.svg","path":"images/cc-by-nc.svg","modified":0,"renderable":1},{"_id":"themes/next/source/images/cc-by-nc-sa.svg","path":"images/cc-by-nc-sa.svg","modified":0,"renderable":1},{"_id":"themes/next/source/images/cc-by-nc-nd.svg","path":"images/cc-by-nc-nd.svg","modified":0,"renderable":1},{"_id":"themes/next/source/images/cc-by-sa.svg","path":"images/cc-by-sa.svg","modified":0,"renderable":1},{"_id":"themes/next/source/images/cc-by.svg","path":"images/cc-by.svg","modified":0,"renderable":1},{"_id":"themes/next/source/images/cc-by-nd.svg","path":"images/cc-by-nd.svg","modified":0,"renderable":1},{"_id":"themes/next/source/images/favicon-16x16-next.png","path":"images/favicon-16x16-next.png","modified":0,"renderable":1},{"_id":"themes/next/source/images/favicon-32x32-next.png","path":"images/favicon-32x32-next.png","modified":0,"renderable":1},{"_id":"themes/next/source/images/loading.gif","path":"images/loading.gif","modified":0,"renderable":1},{"_id":"themes/next/source/images/logo.svg","path":"images/logo.svg","modified":0,"renderable":1},{"_id":"themes/next/source/images/placeholder.gif","path":"images/placeholder.gif","modified":0,"renderable":1},{"_id":"themes/next/source/images/quote-l.svg","path":"images/quote-l.svg","modified":0,"renderable":1},{"_id":"themes/next/source/images/searchicon.png","path":"images/searchicon.png","modified":0,"renderable":1},{"_id":"themes/next/source/images/cc-zero.svg","path":"images/cc-zero.svg","modified":0,"renderable":1},{"_id":"themes/next/source/images/quote-r.svg","path":"images/quote-r.svg","modified":0,"renderable":1},{"_id":"themes/next/source/js/src/algolia-search.js","path":"js/src/algolia-search.js","modified":0,"renderable":1},{"_id":"themes/next/source/js/src/bootstrap.js","path":"js/src/bootstrap.js","modified":0,"renderable":1},{"_id":"themes/next/source/js/src/exturl.js","path":"js/src/exturl.js","modified":0,"renderable":1},{"_id":"themes/next/source/js/src/affix.js","path":"js/src/affix.js","modified":0,"renderable":1},{"_id":"themes/next/source/js/src/js.cookie.js","path":"js/src/js.cookie.js","modified":0,"renderable":1},{"_id":"themes/next/source/js/src/motion.js","path":"js/src/motion.js","modified":0,"renderable":1},{"_id":"themes/next/source/js/src/post-details.js","path":"js/src/post-details.js","modified":0,"renderable":1},{"_id":"themes/next/source/js/src/scroll-cookie.js","path":"js/src/scroll-cookie.js","modified":0,"renderable":1},{"_id":"themes/next/source/js/src/utils.js","path":"js/src/utils.js","modified":0,"renderable":1},{"_id":"themes/next/source/js/src/scrollspy.js","path":"js/src/scrollspy.js","modified":0,"renderable":1},{"_id":"themes/next/source/lib/font-awesome/HELP-US-OUT.txt","path":"lib/font-awesome/HELP-US-OUT.txt","modified":0,"renderable":1},{"_id":"themes/next/source/lib/velocity/velocity.ui.js","path":"lib/velocity/velocity.ui.js","modified":0,"renderable":1},{"_id":"themes/next/source/lib/velocity/velocity.min.js","path":"lib/velocity/velocity.min.js","modified":0,"renderable":1},{"_id":"themes/next/source/lib/velocity/velocity.ui.min.js","path":"lib/velocity/velocity.ui.min.js","modified":0,"renderable":1},{"_id":"themes/next/source/lib/font-awesome/bower.json","path":"lib/font-awesome/bower.json","modified":0,"renderable":1},{"_id":"themes/next/source/lib/jquery/index.js","path":"lib/jquery/index.js","modified":0,"renderable":1},{"_id":"themes/next/source/js/src/schemes/pisces.js","path":"js/src/schemes/pisces.js","modified":0,"renderable":1},{"_id":"themes/next/source/lib/font-awesome/css/font-awesome.css.map","path":"lib/font-awesome/css/font-awesome.css.map","modified":0,"renderable":1},{"_id":"themes/next/source/lib/font-awesome/css/font-awesome.min.css","path":"lib/font-awesome/css/font-awesome.min.css","modified":0,"renderable":1},{"_id":"themes/next/source/lib/font-awesome/css/font-awesome.css","path":"lib/font-awesome/css/font-awesome.css","modified":0,"renderable":1},{"_id":"themes/next/source/lib/ua-parser-js/dist/ua-parser.min.js","path":"lib/ua-parser-js/dist/ua-parser.min.js","modified":0,"renderable":1},{"_id":"themes/next/source/lib/ua-parser-js/dist/ua-parser.pack.js","path":"lib/ua-parser-js/dist/ua-parser.pack.js","modified":0,"renderable":1},{"_id":"themes/next/source/lib/velocity/velocity.js","path":"lib/velocity/velocity.js","modified":0,"renderable":1},{"_id":"themes/next/source/lib/font-awesome/fonts/fontawesome-webfont.woff","path":"lib/font-awesome/fonts/fontawesome-webfont.woff","modified":0,"renderable":1},{"_id":"themes/next/source/lib/font-awesome/fonts/fontawesome-webfont.woff2","path":"lib/font-awesome/fonts/fontawesome-webfont.woff2","modified":0,"renderable":1},{"_id":"themes/next/source/lib/font-awesome/fonts/fontawesome-webfont.eot","path":"lib/font-awesome/fonts/fontawesome-webfont.eot","modified":0,"renderable":1}],"Cache":[{"_id":"themes/landscape/Gruntfile.js","hash":"412e30530784993c8997aa8b1319c669b83b91c2","modified":1535260143298},{"_id":"themes/landscape/README.md","hash":"67fedfb66304f103c412f6be110bf3c40c75d4ac","modified":1535260143298},{"_id":"themes/landscape/package.json","hash":"6e567a9654e61eb3f548c75edef380c2e135c433","modified":1535260143313},{"_id":"themes/landscape/.gitignore","hash":"ea2b285a29690f1eabbad0f3a158e34e9ccd1d86","modified":1535260143298},{"_id":"source/_posts/hello-world.md","hash":"b5d3df4b02b7fe2569c9cdec017309b5b85a9268","modified":1535594868250},{"_id":"themes/landscape/LICENSE","hash":"82ce1e15ddeabeaaca60e2186b5a3ce42b1a9c49","modified":1535260143298},{"_id":"themes/landscape/_config.yml","hash":"ce9d2939245209b8f5c5bbbdadc917d86057d032","modified":1535260143298},{"_id":"themes/landscape/languages/de.yml","hash":"d45cea36c5c83d7d09afcd1c26fff4a4c513c25b","modified":1535260143298},{"_id":"themes/landscape/languages/default.yml","hash":"f26a34a7983d4bc17c65c7f0f14da598e62ce66d","modified":1535260143298},{"_id":"themes/landscape/languages/es.yml","hash":"e3b4937da4cd2d0393b8a0ba310e70fc605cc431","modified":1535260143298},{"_id":"themes/landscape/languages/ko.yml","hash":"11330316e3c1262474a2b496e40dbc29f93fe01b","modified":1535260143298},{"_id":"themes/landscape/languages/ja.yml","hash":"3e2fedca096678c0c234ebffa4637828979296fa","modified":1535260143298},{"_id":"themes/landscape/languages/fr.yml","hash":"8cb0fe4b6913b4d5b662cdd0108a923c90025f85","modified":1535260143298},{"_id":"themes/landscape/languages/no.yml","hash":"ddf2035e920a5ecb9076138c184257d9f51896a7","modified":1535260143298},{"_id":"themes/landscape/languages/nl.yml","hash":"3d82ec703d0b3287739d7cb4750a715ae83bfcb3","modified":1535260143298},{"_id":"themes/landscape/languages/zh-TW.yml","hash":"f5f0ca88185da7a8457760d84bf221781473bd7c","modified":1535260143298},{"_id":"themes/landscape/languages/ru.yml","hash":"2a476b4c6e04900914c81378941640ac5d58a1f0","modified":1535260143298},{"_id":"themes/landscape/languages/pt.yml","hash":"ae2c61b30e638f74f1a42c9ce39ac08d063b30f5","modified":1535260143298},{"_id":"themes/landscape/layout/archive.ejs","hash":"2703b07cc8ac64ae46d1d263f4653013c7e1666b","modified":1535260143313},{"_id":"themes/landscape/layout/category.ejs","hash":"765426a9c8236828dc34759e604cc2c52292835a","modified":1535260143313},{"_id":"themes/landscape/layout/index.ejs","hash":"aa1b4456907bdb43e629be3931547e2d29ac58c8","modified":1535260143313},{"_id":"themes/landscape/layout/page.ejs","hash":"7d80e4e36b14d30a7cd2ac1f61376d9ebf264e8b","modified":1535260143313},{"_id":"themes/landscape/languages/zh-CN.yml","hash":"b057f389c6713010f97d461e48ec959b0b6f3b44","modified":1535260143298},{"_id":"themes/landscape/layout/post.ejs","hash":"7d80e4e36b14d30a7cd2ac1f61376d9ebf264e8b","modified":1535260143313},{"_id":"themes/landscape/layout/tag.ejs","hash":"eaa7b4ccb2ca7befb90142e4e68995fb1ea68b2e","modified":1535260143313},{"_id":"themes/landscape/scripts/fancybox.js","hash":"4c130fc242cf9b59b5df6ca5eae3b14302311e8c","modified":1535260143313},{"_id":"themes/landscape/layout/_partial/archive-post.ejs","hash":"5062c723721d8497eebad372f57092ade45041f4","modified":1535260143298},{"_id":"themes/landscape/layout/_partial/archive.ejs","hash":"017c412bd3d60d22e493f02918e436a32d96bb84","modified":1535260143298},{"_id":"themes/landscape/layout/layout.ejs","hash":"5d86bc48b0f1bdce9a2bb548c2f8e7a4f50d499a","modified":1535260143313},{"_id":"themes/landscape/layout/_partial/gauges-analytics.ejs","hash":"ace3000bd3e01d03041d5be24f7640b6c003a5b5","modified":1535260143298},{"_id":"themes/landscape/layout/_partial/after-footer.ejs","hash":"5e3b70c028d518b8f765e29a5e2020e7ba6ed589","modified":1535260143298},{"_id":"themes/landscape/layout/_partial/footer.ejs","hash":"6faefe07f3d64e21c7743276e0f55ee1544f9d86","modified":1535260143298},{"_id":"themes/landscape/layout/_partial/article.ejs","hash":"5cf2b8a1148e6f8c4bd9ca9e3b84c7e5a59d56bc","modified":1535260143298},{"_id":"themes/landscape/layout/_partial/mobile-nav.ejs","hash":"347cf1befd2ea637c24bd5901929d8e36e359e75","modified":1535260143298},{"_id":"themes/landscape/layout/_partial/google-analytics.ejs","hash":"1ccc627d7697e68fddc367c73ac09920457e5b35","modified":1535260143298},{"_id":"themes/landscape/layout/_widget/archive.ejs","hash":"0fe1e52c291c9499bd05b966e0b9aac5be351c58","modified":1535260143313},{"_id":"themes/landscape/layout/_partial/head.ejs","hash":"a36cec48782782bac92622f369c750e5c7396510","modified":1535260143298},{"_id":"themes/landscape/layout/_partial/sidebar.ejs","hash":"c70869569749a8f48cce202fa57926c06b55fdab","modified":1535260143313},{"_id":"themes/landscape/layout/_widget/category.ejs","hash":"866790acc13fed44b7ef74c3e19c300a3d6180d8","modified":1535260143313},{"_id":"themes/landscape/layout/_partial/header.ejs","hash":"cf755454675d13a0813a922b575c06b6b74ab9fd","modified":1535260143298},{"_id":"themes/landscape/layout/_widget/recent_posts.ejs","hash":"16800f85ffb036d2644a26e02facd61acb3706e9","modified":1535260143313},{"_id":"themes/landscape/layout/_widget/tagcloud.ejs","hash":"7259c179aa0c41c02e467ad892292e90430aaabc","modified":1535260143313},{"_id":"themes/landscape/layout/_widget/tag.ejs","hash":"6017c54a8c3c8ff8db491cfbea3100c139da75d6","modified":1535260143313},{"_id":"themes/landscape/source/fancybox/blank.gif","hash":"2daeaa8b5f19f0bc209d976c02bd6acb51b00b0a","modified":1535260143341},{"_id":"themes/landscape/source/css/_extend.styl","hash":"8ab1ad313bd6707d248c5ca1ee9a5eab8d815e42","modified":1535260143313},{"_id":"themes/landscape/source/css/_variables.styl","hash":"57bb02270eef16b4823a64ba663ccf2f247f34e5","modified":1535260143329},{"_id":"themes/landscape/source/fancybox/fancybox_loading.gif","hash":"1a755fb2599f3a313cc6cfdb14df043f8c14a99c","modified":1535260143341},{"_id":"themes/landscape/source/fancybox/fancybox_overlay.png","hash":"b3a4ee645ba494f52840ef8412015ba0f465dbe0","modified":1535260143341},{"_id":"themes/landscape/source/css/style.styl","hash":"4a3e64ee8dad5834860c30b4176882eff628ca6b","modified":1535260143337},{"_id":"themes/landscape/source/fancybox/fancybox_sprite.png","hash":"17df19f97628e77be09c352bf27425faea248251","modified":1535260143341},{"_id":"themes/landscape/source/fancybox/jquery.fancybox.js","hash":"58193c802f307ec9bc9e586c0e8a13ebef45d2f8","modified":1535260143349},{"_id":"themes/landscape/source/fancybox/jquery.fancybox.pack.js","hash":"2da892a02778236b64076e5e8802ef0566e1d9e8","modified":1535260143349},{"_id":"themes/landscape/source/js/script.js","hash":"c0d368681c687258b628bacc84cc30d353de6d47","modified":1535260143351},{"_id":"themes/landscape/source/fancybox/fancybox_sprite@2x.png","hash":"30c58913f327e28f466a00f4c1ac8001b560aed8","modified":1535260143341},{"_id":"themes/landscape/source/fancybox/fancybox_loading@2x.gif","hash":"273b123496a42ba45c3416adb027cd99745058b0","modified":1535260143341},{"_id":"themes/landscape/source/fancybox/jquery.fancybox.css","hash":"2e54d51d21e68ebc4bb870f6e57d3bfb660d4f9c","modified":1535260143345},{"_id":"themes/landscape/layout/_partial/post/date.ejs","hash":"947f513f7a85fbcf085624e46dc2ae6de8185eec","modified":1535260143298},{"_id":"themes/landscape/layout/_partial/post/title.ejs","hash":"d4a460a35e2112d0c7414fd5e19b3a16093f1caf","modified":1535260143313},{"_id":"themes/landscape/layout/_partial/post/category.ejs","hash":"16128d2422645e18d1b6882d4c4df17d895bd76e","modified":1535260143298},{"_id":"themes/landscape/layout/_partial/post/gallery.ejs","hash":"b0bf3f5d923c261ca2b5fabab513f1ec2708c8ca","modified":1535260143313},{"_id":"themes/landscape/layout/_partial/post/nav.ejs","hash":"cbb3819ce512bd24db8bad41b8617d46eba82fdc","modified":1535260143313},{"_id":"themes/landscape/source/css/_partial/article.styl","hash":"e291bc8c5f0c21080baa549d5d9ef2f39a871ea7","modified":1535260143313},{"_id":"themes/landscape/source/css/_partial/footer.styl","hash":"6f7aa810f296d6a1a4486637b5a853d35a198938","modified":1535260143313},{"_id":"themes/landscape/layout/_partial/post/tag.ejs","hash":"694b5101bcc44c9f9c1cc62e5ad2fdfb4b7c7a07","modified":1535260143313},{"_id":"themes/landscape/source/css/_partial/comment.styl","hash":"2834870661e490775f9154d71638bfdc72e640a6","modified":1535260143313},{"_id":"themes/landscape/source/css/_partial/header.styl","hash":"67e59feb18eee6026717cb440d86ab9551782628","modified":1535260143313},{"_id":"themes/landscape/source/css/_partial/archive.styl","hash":"9e574d8eb1a5285ec3b4346607414770d2f7e0ff","modified":1535260143313},{"_id":"themes/landscape/source/css/_partial/highlight.styl","hash":"ac19f1621305ca9f6a7b74acd211a4c0d88690bd","modified":1535260143313},{"_id":"themes/landscape/source/css/_partial/sidebar-bottom.styl","hash":"4132e25ba9680c4b911a01abc75f501cda3fa4f1","modified":1535260143313},{"_id":"themes/landscape/source/css/_partial/sidebar-aside.styl","hash":"1fb15f13ba70d5b954f62920c6b63d26e2fb2985","modified":1535260143313},{"_id":"themes/landscape/source/css/_partial/sidebar.styl","hash":"8d971a00e644a600179b04815688d188f094012e","modified":1535260143329},{"_id":"themes/landscape/source/css/_util/mixin.styl","hash":"429bad87fc156eacf226c5e35b0eafc277f2504b","modified":1535260143329},{"_id":"themes/landscape/source/css/fonts/FontAwesome.otf","hash":"b5b4f9be85f91f10799e87a083da1d050f842734","modified":1535260143329},{"_id":"themes/landscape/source/css/_util/grid.styl","hash":"1aa883ab432d9e4139c89dcbd40ae2bd1528d029","modified":1535260143329},{"_id":"themes/landscape/source/css/fonts/fontawesome-webfont.eot","hash":"7619748fe34c64fb157a57f6d4ef3678f63a8f5e","modified":1535260143333},{"_id":"themes/landscape/source/fancybox/helpers/fancybox_buttons.png","hash":"e385b139516c6813dcd64b8fc431c364ceafe5f3","modified":1535260143345},{"_id":"themes/landscape/source/fancybox/helpers/jquery.fancybox-buttons.js","hash":"4c9c395d705d22af7da06870d18f434e2a2eeaf9","modified":1535260143345},{"_id":"themes/landscape/source/fancybox/helpers/jquery.fancybox-media.js","hash":"e14c32cc6823b81b2f758512f13ed8eb9ef2b454","modified":1535260143345},{"_id":"themes/landscape/source/fancybox/helpers/jquery.fancybox-thumbs.js","hash":"83cdfea43632b613771691a11f56f99d85fb6dbd","modified":1535260143345},{"_id":"themes/landscape/source/fancybox/helpers/jquery.fancybox-buttons.css","hash":"6394c48092085788a8c0ef72670b0652006231a1","modified":1535260143345},{"_id":"themes/landscape/source/css/fonts/fontawesome-webfont.woff","hash":"04c3bf56d87a0828935bd6b4aee859995f321693","modified":1535260143337},{"_id":"themes/landscape/source/css/fonts/fontawesome-webfont.ttf","hash":"7f09c97f333917034ad08fa7295e916c9f72fd3f","modified":1535260143333},{"_id":"themes/landscape/source/fancybox/helpers/jquery.fancybox-thumbs.css","hash":"b88b589f5f1aa1b3d87cc7eef34c281ff749b1ae","modified":1535260143345},{"_id":"themes/landscape/source/css/_partial/mobile.styl","hash":"680c7b809b62cd3ad294e822793fbd0b1a32cc33","modified":1535260143313},{"_id":"themes/landscape/source/css/fonts/fontawesome-webfont.svg","hash":"a275426daefd3716c53561fad121d258a7f05b47","modified":1535260143333},{"_id":"themes/landscape/source/css/images/banner.jpg","hash":"f44aa591089fcb3ec79770a1e102fd3289a7c6a6","modified":1535260143337},{"_id":"themes/next/.bowerrc","hash":"334da94ca6f024d60d012cc26ea655681e724ad8","modified":1535466322604},{"_id":"themes/next/.eslintrc.json","hash":"d3c11de434171d55d70daadd3914bc33544b74b8","modified":1535466322607},{"_id":"themes/next/.editorconfig","hash":"211d2c92bfdddb3e81ea946f4ca7a539f150f4da","modified":1535466322605},{"_id":"themes/next/.gitattributes","hash":"8454b9313cb1a97b63fb87e2d29daee497ce6249","modified":1535466322609},{"_id":"themes/next/README.md","hash":"2d142fa1bdfab00abf8e99f972346e15572c9b12","modified":1535466322629},{"_id":"themes/next/.travis.yml","hash":"fb9ac54e875f6ea16d5c83db497f6bd70ae83198","modified":1535466322625},{"_id":"themes/next/LICENSE.md","hash":"f0190c7d83a98464549a6b3a51bb206148d88e1b","modified":1535466322627},{"_id":"themes/next/bower.json","hash":"fd757d8b3ce4320d1367002a9ef03cffb6095533","modified":1535466322635},{"_id":"themes/next/.stylintrc","hash":"3b7f9785e9ad0dab764e1c535b40df02f4ff5fd6","modified":1535466322624},{"_id":"themes/next/crowdin.yml","hash":"4a53f5985e545c635cb56b2a57ed290cb8cf8942","modified":1535466322637},{"_id":"themes/next/package.json","hash":"88fc322815d831e7096390a9c47be35e5a977dce","modified":1535466322888},{"_id":"themes/next/gulpfile.coffee","hash":"67eaf2515100971f6195b60eeebbfe5e8de895ab","modified":1535466322705},{"_id":"themes/next/_config.yml","hash":"8a67ad748ec79ad4caad63a22b16c2490728b127","modified":1535590367282},{"_id":"themes/next/.gitignore","hash":"0378adb9c2dc4855b3198184df4863cb30e4059c","modified":1535466322622},{"_id":"themes/next/.git/HEAD","hash":"acbaef275e46a7f14c1ef456fff2c8bbe8c84724","modified":1535466322560},{"_id":"themes/next/.git/description","hash":"9635f1b7e12c045212819dd934d809ef07efa2f4","modified":1535466295930},{"_id":"themes/next/.git/packed-refs","hash":"4ed7b93e821fc70a59e1e24d585ab890fb061be2","modified":1535466322542},{"_id":"themes/next/.github/CODE_OF_CONDUCT.md","hash":"22f2ccc5522563b67c8663849fc1d6cbae93a8ff","modified":1535466322611},{"_id":"themes/next/.git/config","hash":"7f8b507977a695e25b27d4c2e8aaed71410536bf","modified":1535466322582},{"_id":"themes/next/.github/ISSUE_TEMPLATE.md","hash":"1e212fe229bd659726b4a3bcf4b5b14e0310ba3a","modified":1535466322615},{"_id":"themes/next/.github/PULL_REQUEST_TEMPLATE.md","hash":"36201119490a04107c8179b10202548a9d0e5e60","modified":1535466322617},{"_id":"themes/next/.github/CONTRIBUTING.md","hash":"40b0fd9fdb8586fab98e23f713940e7a2f80e2f9","modified":1535466322613},{"_id":"themes/next/.github/browserstack_logo.png","hash":"a6c43887f64a7f48a2814e3714eaa1215e542037","modified":1535466322618},{"_id":"themes/next/docs/ALGOLIA-SEARCH.md","hash":"1dada3c3404445a00367882b8f97cdf092b7943d","modified":1535466322644},{"_id":"themes/next/docs/AGPL3.md","hash":"f463f95b169d64983f59fa6f3e4b6760290a0e6b","modified":1535466322642},{"_id":"themes/next/docs/AUTHORS.md","hash":"51a0a13da55ff3d596970b2f9ab4531c6b2211f2","modified":1535466322648},{"_id":"themes/next/.git/index","hash":"cbbf8ba252806202a9f2f60c286dd1c5060bbcbd","modified":1535466323265},{"_id":"themes/next/docs/DATA-FILES.md","hash":"9a1895c0a0db705c4c48f512e86917f9af1ec3fb","modified":1535466322651},{"_id":"themes/next/.github/stale.yml","hash":"dbd5e6bf89b76ad1f2b081578b239c7ae32755af","modified":1535466322620},{"_id":"themes/next/docs/UPDATE-FROM-5.1.X.md","hash":"c9f2ed8e15c137b1885d9ca8b7197d9f457971e9","modified":1535466322667},{"_id":"themes/next/languages/de.yml","hash":"641e49587d41bb87e4d5932dc3d975754ded7953","modified":1535466322708},{"_id":"themes/next/docs/MATH.md","hash":"34a46ca9a05b4570903beaadd4807e6759afb52e","modified":1535466322665},{"_id":"themes/next/docs/INSTALLATION.md","hash":"b74ef6fedf76cdb156e2265759ee0a789ddd49cc","modified":1535466322653},{"_id":"themes/next/languages/default.yml","hash":"ea5e6aee4cb14510793ac4593a3bddffe23e530c","modified":1535466322709},{"_id":"themes/next/docs/LICENSE","hash":"5b702310012d480b40529fd10cf1872f687277a0","modified":1535466322659},{"_id":"themes/next/languages/en.yml","hash":"d66b8b48840443a4f9c72c7696a21e292f685a47","modified":1535466322713},{"_id":"themes/next/languages/fr.yml","hash":"ebcd1f188af8c3f5ef1f0923e794c839fbfae2d4","modified":1535466322716},{"_id":"themes/next/languages/id.yml","hash":"9709a4dbacc56a1571a96b139b872128d6959e90","modified":1535466322718},{"_id":"themes/next/languages/ko.yml","hash":"33e065ceb21590b8eb32430a69e76c2f057eb758","modified":1535466322720},{"_id":"themes/next/languages/nl.yml","hash":"060efc260c1c529469d739d97dcee79683e8f411","modified":1535466322721},{"_id":"themes/next/languages/ja.yml","hash":"576af89e8228f5c852a1ddd7276a128a6bcbe785","modified":1535466322719},{"_id":"themes/next/languages/pt-BR.yml","hash":"dc09e290e908744ca28e093dbdd859ca2a20290e","modified":1535466322725},{"_id":"themes/next/languages/it.yml","hash":"4e3adeb10c0fa627935d69ae1783ce0894f5dee5","modified":1535466322719},{"_id":"themes/next/languages/pt.yml","hash":"53e2a52b9d5dc20c04080acd4f5b954e8699780f","modified":1535466322726},{"_id":"themes/next/languages/ru.yml","hash":"720b92a9ec075b68737d296b1f29ad8e01151c85","modified":1535466322727},{"_id":"themes/next/languages/zh-CN.yml","hash":"069f15da910d6f9756be448167c07ea5aa5dc346","modified":1535466322774},{"_id":"themes/next/languages/tr.yml","hash":"6d2f53d3687a7a46c67c78ab47908accd8812add","modified":1535466322748},{"_id":"themes/next/languages/zh-TW.yml","hash":"dbf4dd87716babb2db4f5332fae9ec190a6f636a","modified":1535466322786},{"_id":"themes/next/scripts/helpers.js","hash":"7849f9b9a86fc82d6e186e32a5e26e1f27c49b47","modified":1535466322890},{"_id":"themes/next/scripts/merge-configs.js","hash":"5f96f63e86825fd7028c2522e4111103e261a758","modified":1535466322894},{"_id":"themes/next/scripts/merge.js","hash":"39b84b937b2a9608b94e5872349a47200e1800ff","modified":1535466322896},{"_id":"themes/next/docs/LEANCLOUD-COUNTER-SECURITY.md","hash":"f2fd611a84dd6f9ed5395b63e187e29e9effbcd3","modified":1535466322656},{"_id":"themes/next/layout/archive.swig","hash":"4b53070008775ecfd03953bd1b4adfcb0fabcaac","modified":1535466322873},{"_id":"themes/next/languages/vi.yml","hash":"e2b3b18359ab41d58c64b2002acfedd60a7505a4","modified":1535466322774},{"_id":"themes/next/layout/category.swig","hash":"f0e3338bfa5efb205d2c28e635e9611f1fff3b55","modified":1535466322876},{"_id":"themes/next/languages/zh-HK.yml","hash":"c22113c4a6c748c18093dae56da5a9e8c5b963cd","modified":1535466322785},{"_id":"themes/next/layout/post.swig","hash":"0554f42f90f4a524666c2b520be30b689c1d6a87","modified":1535466322881},{"_id":"themes/next/layout/tag.swig","hash":"7cda2822e50b9fee9848a6b81e6c2d1aca830aeb","modified":1535466322886},{"_id":"themes/next/layout/index.swig","hash":"bdcc9f57adef49706b16b107791cacecbc23c1dc","modified":1535469695134},{"_id":"themes/next/test/.jshintrc","hash":"c9fca43ae0d99718e45a6f5ce736a18ba5fc8fb6","modified":1535466323258},{"_id":"themes/next/test/helpers.js","hash":"f25e7f3265eb5a6e1ccbb5e5012fa9bebf134105","modified":1535466323260},{"_id":"themes/next/layout/_layout.swig","hash":"aabcc96f64123fe0d6b74848a65df18665e8c373","modified":1535469775112},{"_id":"themes/next/test/intern.js","hash":"db90b1063356727d72be0d77054fdc32fa882a66","modified":1535466323262},{"_id":"themes/next/layout/schedule.swig","hash":"d99b9eff0cff38caf095445f27c08aaf11a5b862","modified":1535466322883},{"_id":"themes/next/layout/page.swig","hash":"9ddf40303f82e3db76d59dc82b6d4eadfed203c6","modified":1535466322877},{"_id":"themes/next/source/fonts/.gitkeep","hash":"da39a3ee5e6b4b0d3255bfef95601890afd80709","modified":1535466323096},{"_id":"themes/next/.git/hooks/commit-msg.sample","hash":"ee1ed5aad98a435f2020b6de35c173b75d9affac","modified":1535466295934},{"_id":"themes/next/.git/hooks/applypatch-msg.sample","hash":"4de88eb95a5e93fd27e78b5fb3b5231a8d8917dd","modified":1535466295932},{"_id":"themes/next/.git/hooks/pre-applypatch.sample","hash":"f208287c1a92525de9f5462e905a9d31de1e2d75","modified":1535466295939},{"_id":"themes/next/.git/hooks/fsmonitor-watchman.sample","hash":"f7c0aa40cb0d620ff0bca3efe3521ec79e5d7156","modified":1535466295936},{"_id":"themes/next/.git/hooks/pre-push.sample","hash":"5c8518bfd1d1d3d2c1a7194994c0a16d8a313a41","modified":1535466295943},{"_id":"themes/next/.git/hooks/post-update.sample","hash":"b614c2f63da7dca9f1db2e7ade61ef30448fc96c","modified":1535466295937},{"_id":"themes/next/.git/hooks/pre-rebase.sample","hash":"288efdc0027db4cfd8b7c47c4aeddba09b6ded12","modified":1535466295949},{"_id":"themes/next/.git/hooks/prepare-commit-msg.sample","hash":"2584806ba147152ae005cb675aa4f01d5d068456","modified":1535466295954},{"_id":"themes/next/.git/hooks/pre-receive.sample","hash":"705a17d259e7896f0082fe2e9f2c0c3b127be5ac","modified":1535466295950},{"_id":"themes/next/.git/hooks/pre-commit.sample","hash":"33729ad4ce51acda35094e581e4088f3167a0af8","modified":1535466295941},{"_id":"themes/next/.git/logs/HEAD","hash":"6dc4334d5a89bef7fe3f1044e7b563720fa1b9d4","modified":1535466322568},{"_id":"themes/next/.git/info/exclude","hash":"c879df015d97615050afa7b9641e3352a1e701ac","modified":1535466295959},{"_id":"themes/next/.git/hooks/update.sample","hash":"e729cd61b27c128951d139de8e7c63d1a3758dde","modified":1535466295956},{"_id":"themes/next/docs/ru/DATA-FILES.md","hash":"a51de08657f5946f4028b11373280ddc04639525","modified":1535466322670},{"_id":"themes/next/docs/ru/INSTALLATION.md","hash":"7b2963daac19b0c14f98ebef375d5fbce8fc3f44","modified":1535466322673},{"_id":"themes/next/docs/ru/UPDATE-FROM-5.1.X.md","hash":"1a4e41adcf5831057f3f7b3025ed4a5ef7c442b4","modified":1535466322675},{"_id":"themes/next/docs/ru/README.md","hash":"bbe7ac3ef6352b7fedbba2ab800915e33251adf8","modified":1535466322675},{"_id":"themes/next/docs/zh-CN/ALGOLIA-SEARCH.md","hash":"e771c5b745608c6fb5ae2fa1c06c61b3699627ec","modified":1535466322676},{"_id":"themes/next/docs/zh-CN/CODE_OF_CONDUCT.md","hash":"9b512cb820627fcc45c9f77c7a122aa99e021bd5","modified":1535466322678},{"_id":"themes/next/docs/zh-CN/CONTRIBUTING.md","hash":"6ea741f380dc3e90661d12db7e115a94b77643a4","modified":1535466322680},{"_id":"themes/next/docs/zh-CN/DATA-FILES.md","hash":"67f4a987e7db0ab1ce1ea4c311f2961df07b6681","modified":1535466322684},{"_id":"themes/next/docs/zh-CN/LEANCLOUD-COUNTER-SECURITY.md","hash":"7214fcd1b5830e62b3ac0836ad2d1b0fa391ae12","modified":1535466322691},{"_id":"themes/next/docs/zh-CN/INSTALLATION.md","hash":"baca12cc24be082f1db28c7f283493569666321c","modified":1535466322685},{"_id":"themes/next/docs/zh-CN/UPDATE-FROM-5.1.X.md","hash":"2095d1214a4e519a1d31b67b41c89080fa3285d3","modified":1535466322698},{"_id":"themes/next/docs/zh-CN/MATH.md","hash":"4d68054b062b3c8404b146a155d9624d2d25dd9b","modified":1535466322693},{"_id":"themes/next/docs/zh-CN/README.md","hash":"74547943ee6cba2e2bbbd67d306ee4de9db1a2bd","modified":1535466322694},{"_id":"themes/next/scripts/tags/button.js","hash":"510f3711a9c9d3e2a844250647d90e8359e7d130","modified":1535466322897},{"_id":"themes/next/scripts/tags/center-quote.js","hash":"4519ab8e6898f2ee90d05cde060375462b937a7d","modified":1535466322898},{"_id":"themes/next/scripts/tags/exturl.js","hash":"83e48148d2f4f8543f6833effa8a26eb0b60f2f0","modified":1535466322899},{"_id":"themes/next/scripts/tags/full-image.js","hash":"ef2c2985a3edb9f69740740c5bc42d4b692c86fd","modified":1535466322899},{"_id":"themes/next/scripts/tags/include-raw.js","hash":"ab4a82a7246265717556c7a42f897430340b88cf","modified":1535466322902},{"_id":"themes/next/scripts/tags/group-pictures.js","hash":"2b969ca830862b2bc119b69ede4bd971e27a6ff8","modified":1535466322901},{"_id":"themes/next/scripts/tags/label.js","hash":"bb502616bfabe85de5de903074ec6afe627f8413","modified":1535466322903},{"_id":"themes/next/scripts/tags/note.js","hash":"bd3310a5890bded1bda9ba3ad6f98ee44ecb101a","modified":1535466322904},{"_id":"themes/next/scripts/tags/tabs.js","hash":"2d257e26718d4011509fd6f530d2ea37e50e3e66","modified":1535466322904},{"_id":"themes/next/layout/_custom/header.swig","hash":"ba8ab5a0280b953aa97435ff8946cbcbb2755a27","modified":1535466322792},{"_id":"themes/next/layout/_custom/sidebar.swig","hash":"ba8ab5a0280b953aa97435ff8946cbcbb2755a27","modified":1535466322793},{"_id":"themes/next/layout/_custom/head.swig","hash":"a223919d2e1bf17ca4d6abb2c86f2efca9883dc1","modified":1535466322792},{"_id":"themes/next/layout/_macro/post-collapse.swig","hash":"8c56dd26157cbc580ae41d97ac34b90ab48ced3f","modified":1535474277456},{"_id":"themes/next/layout/_macro/post-related.swig","hash":"e8dfb86eb62b9c2bc1435d6d1afa95d3b4c7b931","modified":1535466322804},{"_id":"themes/next/layout/_macro/reward.swig","hash":"56733f92352b891b0bb1baca293f68f6c8928b0b","modified":1535466322806},{"_id":"themes/next/layout/_macro/post-copyright.swig","hash":"8ff97c3f4eb888207bdc50066053c97d890e0202","modified":1535466322803},{"_id":"themes/next/layout/_macro/sidebar.swig","hash":"a9519b4f82aa516e516317d0447bf5c5c7ffb544","modified":1535466322806},{"_id":"themes/next/layout/_partials/comments.swig","hash":"412d2a0e18a237e490e1b8bce5547558768b9da3","modified":1535466322810},{"_id":"themes/next/layout/_partials/footer.swig","hash":"ec4f8a69dbb2d8ebab7ef28e342eae543eaee241","modified":1535466322811},{"_id":"themes/next/layout/_partials/page-header.swig","hash":"206cbd6ac9ca6a219a8516f59beae25b3c770199","modified":1535466322820},{"_id":"themes/next/layout/_partials/breadcrumb.swig","hash":"4b48fdbfe3bf41ddeda4ff74c1ff17ab9f15c14e","modified":1535466322809},{"_id":"themes/next/layout/_partials/pagination.swig","hash":"914155d5d758306cff405beefd4a07973fd8fc77","modified":1535466322820},{"_id":"themes/next/layout/_scripts/boostrap.swig","hash":"27fb1d81151b9b79683e488579df19eee7e654d6","modified":1535466322826},{"_id":"themes/next/layout/_scripts/commons.swig","hash":"f544e21883d249d5a341c684c97bd25831008f07","modified":1535466322827},{"_id":"themes/next/layout/_scripts/noscript.swig","hash":"f8c7e729ad6e72b4c705a2c5d5041589c2b4cc52","modified":1535466322827},{"_id":"themes/next/layout/_scripts/vendors.swig","hash":"f134aeb8d5bee351e5277edb92ac694af314b75f","modified":1535466322834},{"_id":"themes/next/layout/_third-party/copy-code.swig","hash":"c62c37474c8de78cf34e54c6219b503ec28d9815","modified":1535466322854},{"_id":"themes/next/layout/_third-party/bookmark.swig","hash":"ed62ea83d3f2c9db2ea57bf23a7d765ed82504c2","modified":1535466322848},{"_id":"themes/next/layout/_third-party/exturl.swig","hash":"53861f78a1fb52e96a43cf6909e1530dcf6cbff8","modified":1535466322854},{"_id":"themes/next/layout/_macro/post.swig","hash":"00cd242c032341ab0fb5d7f66d4a9aa652eab183","modified":1535474362870},{"_id":"themes/next/layout/_third-party/github-banner.swig","hash":"736cb278fa09d3b4ed6f305b56353941ea918793","modified":1535466322855},{"_id":"themes/next/layout/_macro/wechat-subscriber.swig","hash":"7a9b687087793bf5e218cbc345214f927fa5601a","modified":1535466322808},{"_id":"themes/next/layout/_third-party/needsharebutton.swig","hash":"debba9b7110f635204a15df148194d4c2fd2668b","modified":1535466322858},{"_id":"themes/next/layout/_third-party/pangu.swig","hash":"ccf0035086e14dcefa24c2907301edf4c37d5448","modified":1535466322859},{"_id":"themes/next/layout/_third-party/rating.swig","hash":"554ec568e9d2c71e4a624a8de3cb5929050811d6","modified":1535466322860},{"_id":"themes/next/layout/_third-party/schedule.swig","hash":"db15d7e1552aa2d2386a6b8a33b3b3a40bf9e43d","modified":1535466322861},{"_id":"themes/next/source/images/apple-touch-icon-next.png","hash":"2959dbc97f31c80283e67104fe0854e2369e40aa","modified":1535466323098},{"_id":"themes/next/source/css/main.styl","hash":"2a62e2a11e9cdcc69e538d856d6f9ce228a07c93","modified":1535466323095},{"_id":"themes/next/source/images/algolia_logo.svg","hash":"45eeea0b5fba833e21e38ea10ed5ab385ceb4f01","modified":1535466323097},{"_id":"themes/next/source/images/avatar.gif","hash":"264082bb3a1af70d5499c7d22b0902cb454b6d12","modified":1535466323100},{"_id":"themes/next/source/images/cc-by-nc.svg","hash":"6f076713fb9bf934aa2c1046bdf2cf2e37bc1eab","modified":1535466323103},{"_id":"themes/next/source/images/cc-by-nc-sa.svg","hash":"6f55543d1fb9cbc436c101d24f802dec7b41efc3","modified":1535466323103},{"_id":"themes/next/source/images/cc-by-nc-nd.svg","hash":"bc3588c9b2d7c68830524783120ff6cf957cf668","modified":1535466323102},{"_id":"themes/next/source/images/cc-by-sa.svg","hash":"70c1535f43e54e5ff35ca81419e77e4c0c301398","modified":1535466323109},{"_id":"themes/next/source/images/cc-by.svg","hash":"e92a33c32d1dac8ed94849b2b4e6456e887efe70","modified":1535466323112},{"_id":"themes/next/source/images/cc-by-nd.svg","hash":"42cd73da328077ccc92f859bb8f3cf621b3484f8","modified":1535466323106},{"_id":"themes/next/source/images/favicon-16x16-next.png","hash":"943a0d67a9cdf8c198109b28f9dbd42f761d11c3","modified":1535466323114},{"_id":"themes/next/source/images/favicon-32x32-next.png","hash":"0749d7b24b0d2fae1c8eb7f671ad4646ee1894b1","modified":1535466323115},{"_id":"themes/next/source/images/loading.gif","hash":"5fbd472222feb8a22cf5b8aa5dc5b8e13af88e2b","modified":1535466323116},{"_id":"themes/next/source/images/logo.svg","hash":"169f56fd82941591dad3abd734a50ec7259be950","modified":1535466323117},{"_id":"themes/next/source/images/placeholder.gif","hash":"5fbd472222feb8a22cf5b8aa5dc5b8e13af88e2b","modified":1535466323118},{"_id":"themes/next/source/images/quote-l.svg","hash":"cd108d6f44351cadf8e6742565217f88818a0458","modified":1535466323118},{"_id":"themes/next/source/images/searchicon.png","hash":"67727a6a969be0b2659b908518fa6706eed307b8","modified":1535466323120},{"_id":"themes/next/layout/_third-party/scroll-cookie.swig","hash":"a174d4a0c9188f9c4a2652f49bfa7a60ad0a83e3","modified":1535466322861},{"_id":"themes/next/source/images/cc-zero.svg","hash":"9bfb52b2f63527a7049247bf00d44e6dc1170e7d","modified":1535466323114},{"_id":"themes/next/source/images/quote-r.svg","hash":"2a2a250b32a87c69dcc1b1976c74b747bedbfb41","modified":1535466323119},{"_id":"themes/next/layout/_scripts/schemes/mist.swig","hash":"da39a3ee5e6b4b0d3255bfef95601890afd80709","modified":1535466322830},{"_id":"themes/next/layout/_scripts/schemes/muse.swig","hash":"da39a3ee5e6b4b0d3255bfef95601890afd80709","modified":1535466322831},{"_id":"themes/next/source/css/_mixins/Muse.styl","hash":"da39a3ee5e6b4b0d3255bfef95601890afd80709","modified":1535466322983},{"_id":"themes/next/source/css/_mixins/Mist.styl","hash":"da39a3ee5e6b4b0d3255bfef95601890afd80709","modified":1535466322983},{"_id":"themes/next/source/css/_mixins/custom.styl","hash":"da39a3ee5e6b4b0d3255bfef95601890afd80709","modified":1535466322985},{"_id":"themes/next/source/css/_variables/Muse.styl","hash":"da39a3ee5e6b4b0d3255bfef95601890afd80709","modified":1535466323087},{"_id":"themes/next/source/css/_variables/custom.styl","hash":"da39a3ee5e6b4b0d3255bfef95601890afd80709","modified":1535466323094},{"_id":"themes/next/.git/refs/heads/master","hash":"22647e6b6d62297e17926c94114b44e616eb5817","modified":1535466322566},{"_id":"themes/next/layout/_macro/menu/menu-item.swig","hash":"aab518204d3125e948796a9ba6b56b09cade2d92","modified":1535466322802},{"_id":"themes/next/layout/_partials/head/external-fonts.swig","hash":"f5e487b0d213ca0bd94aa30bc23b240d65081627","modified":1535466322814},{"_id":"themes/next/layout/_partials/head/head-unique.swig","hash":"0b8349710caf9691741a457aa746add35245048e","modified":1535466322815},{"_id":"themes/next/layout/_macro/menu/menu-badge.swig","hash":"4eb8e222dc337211efb0d3bbdb5e29af3e6ecdb8","modified":1535466322801},{"_id":"themes/next/layout/_partials/head/head.swig","hash":"09109a5c5a301e7cc5e3c7aec32b0164739fc7d4","modified":1535466322816},{"_id":"themes/next/layout/_partials/header/index.swig","hash":"c909f6e96373c151dea325bcddfdd8c9522421b6","modified":1535466322818},{"_id":"themes/next/layout/_partials/header/menu.swig","hash":"f3ae3168801304af3d80ec3b84264e1d4201cb89","modified":1535466322818},{"_id":"themes/next/layout/_partials/header/brand.swig","hash":"19050627bc23b0b2c2e65e7248c0f88468eb8ea5","modified":1535466322817},{"_id":"themes/next/layout/_partials/header/sub-menu.swig","hash":"3f11ae8e9084f39628cd2006931d39a2069b9dd6","modified":1535466322819},{"_id":"themes/next/layout/_partials/search/swiftype.swig","hash":"a8c7f9ca7c605d039a1f3bf4e4d3183700a3dd62","modified":1535466322822},{"_id":"themes/next/layout/_partials/search/localsearch.swig","hash":"b2f0d247b213e4cf8de47af6a304d98070cc7256","modified":1535466322822},{"_id":"themes/next/layout/_partials/share/add-this.swig","hash":"9e3d133ac5bcc6cb51702c83b2611a49811abad1","modified":1535466322824},{"_id":"themes/next/layout/_partials/search/tinysou.swig","hash":"b25002a83cbd2ca0c4a5df87ad5bff26477c0457","modified":1535466322823},{"_id":"themes/next/layout/_scripts/pages/post-details.swig","hash":"580e9d9c4d8783ee6200d845ae16c98979bf1ea3","modified":1535466322828},{"_id":"themes/next/layout/_partials/share/duoshuo_share.swig","hash":"d4fbffd7fa8f2090eb32a871872665d90a885fac","modified":1535466322825},{"_id":"themes/next/layout/_scripts/schemes/gemini.swig","hash":"c381f638315a007b1baf5fea879161001fe50cd0","modified":1535466322829},{"_id":"themes/next/layout/_scripts/schemes/pisces.swig","hash":"c381f638315a007b1baf5fea879161001fe50cd0","modified":1535466322832},{"_id":"themes/next/layout/_third-party/analytics/analytics-with-widget.swig","hash":"ff947f3561b229bc528cb1837d4ca19612219411","modified":1535466322836},{"_id":"themes/next/layout/_third-party/analytics/application-insights.swig","hash":"71397a5823e8ec8aad3b68aace13150623b3e19d","modified":1535466322838},{"_id":"themes/next/layout/_third-party/analytics/busuanzi-counter.swig","hash":"c43f41b7f3c0743d1e673af2e787ea34a67fc9cb","modified":1535466322839},{"_id":"themes/next/layout/_third-party/analytics/baidu-analytics.swig","hash":"753d262911c27baf663fcaf199267133528656af","modified":1535466322838},{"_id":"themes/next/layout/_third-party/analytics/cnzz-analytics.swig","hash":"a10b7f19d7b5725527514622899df413a34a89db","modified":1535466322840},{"_id":"themes/next/layout/_third-party/analytics/facebook-sdk.swig","hash":"7d94845f96197d9d84a405fa5d4ede75fb81b225","modified":1535466322841},{"_id":"themes/next/layout/_third-party/analytics/firestore.swig","hash":"8ab040fccba41675bc835973515530af8a51f8bd","modified":1535466322841},{"_id":"themes/next/layout/_third-party/analytics/index.swig","hash":"45f3f629c2aacc381095750e1c8649041a71a84b","modified":1535466322843},{"_id":"themes/next/layout/_third-party/analytics/lean-analytics.swig","hash":"bd8382d4f12df207ed52f75f6e5fb06527970167","modified":1535466322845},{"_id":"themes/next/layout/_third-party/analytics/google-analytics.swig","hash":"cfc932c5db04fef64cc56d3ba0b8ddf3a15a63bd","modified":1535466322842},{"_id":"themes/next/layout/_third-party/analytics/tencent-mta.swig","hash":"5a8027328f060f965b3014060bebec1d7cf149c1","modified":1535466322846},{"_id":"themes/next/layout/_partials/search/index.swig","hash":"f6454c452b2e90a8c760321bce7e3dc6119b71fa","modified":1535466322821},{"_id":"themes/next/layout/_third-party/analytics/vkontakte-api.swig","hash":"f9a1647a8f1866deeb94052d1f87a5df99cb1e70","modified":1535466322847},{"_id":"themes/next/layout/_third-party/comments/disqus.swig","hash":"4a2d2269f23e90c1311bd867d22def0b4a092bf1","modified":1535466322851},{"_id":"themes/next/layout/_third-party/comments/changyan.swig","hash":"4c501ea0b9c494181eb3c607c5526a5754e7fbd8","modified":1535466322850},{"_id":"themes/next/layout/_third-party/comments/gitment.swig","hash":"292cdd1059b76d3d10486b71c99d9afb3e59ea44","modified":1535466322851},{"_id":"themes/next/layout/_third-party/analytics/tencent-analytics.swig","hash":"8a399df90dadba5ad4e781445b58f4765aeb701e","modified":1535466322846},{"_id":"themes/next/layout/_third-party/comments/livere.swig","hash":"694483f2d853c65b87a6a70e38dbc40e40eb1332","modified":1535466322852},{"_id":"themes/next/layout/_third-party/comments/valine.swig","hash":"d05e70a416963023ee1978e4168d58bcfd956ed3","modified":1535466322853},{"_id":"themes/next/layout/_third-party/math/index.swig","hash":"30e9e55d9af2ced6e6b156a042026a8b480f0ab0","modified":1535466322856},{"_id":"themes/next/layout/_third-party/math/katex.swig","hash":"860de4ce6fccc516d2f779a4b600a4214d8c18e2","modified":1535466322857},{"_id":"themes/next/layout/_third-party/comments/index.swig","hash":"34cc66d4dbada2d561ba6f70fd9a75207c5adbd4","modified":1535466322852},{"_id":"themes/next/layout/_third-party/search/index.swig","hash":"34599633658f3b0ffb487728b7766e1c7b551f5a","modified":1535466322864},{"_id":"themes/next/layout/_third-party/math/mathjax.swig","hash":"c0c2fd87e71f0beb542aa50c0bc875da5aa5c44b","modified":1535466322858},{"_id":"themes/next/source/css/_custom/custom.styl","hash":"3403fdd8efde1a0afd11ae8a5a97673f5903087f","modified":1535466322982},{"_id":"themes/next/layout/_partials/share/baidushare.swig","hash":"d9e2d9282f9be6e04eae105964abb81e512bffed","modified":1535466322825},{"_id":"themes/next/source/css/_mixins/Gemini.styl","hash":"07f7da320689f828f6e36a6123807964a45157a0","modified":1535466322982},{"_id":"themes/next/layout/_third-party/search/tinysou.swig","hash":"fe95dd3d166634c466e19aa756e65ad6e8254d3e","modified":1535466322866},{"_id":"themes/next/layout/_third-party/seo/baidu-push.swig","hash":"d8c98938719284fa06492c114d99a1904652a555","modified":1535466322867},{"_id":"themes/next/source/js/src/algolia-search.js","hash":"84906eeae57bd06744dd20160b93eacf658f97e2","modified":1535466323130},{"_id":"themes/next/source/css/_mixins/Pisces.styl","hash":"8aa98ae349908736ba43196c42498fd5bdeb780a","modified":1535466322984},{"_id":"themes/next/source/js/src/bootstrap.js","hash":"c7e2a588b679d46379124141bb2f30bc2f3210e2","modified":1535466323132},{"_id":"themes/next/source/js/src/exturl.js","hash":"c48aa4b3c0e578a807fd3661e6cd4f3890777437","modified":1535466323135},{"_id":"themes/next/source/js/src/affix.js","hash":"ad343aa406fd8181b5f310434817ce98fc2219e3","modified":1535466323124},{"_id":"themes/next/source/js/src/js.cookie.js","hash":"1512c751d219577d338ac0780fb2bbd9075d5298","modified":1535466323138},{"_id":"themes/next/source/js/src/motion.js","hash":"6b5a2646b775609630b9ff6221fa58b6823a25fa","modified":1535466323141},{"_id":"themes/next/source/js/src/post-details.js","hash":"7d309b771e86c7e22ce11cc25625481ef7d5985c","modified":1535466323143},{"_id":"themes/next/source/js/src/scroll-cookie.js","hash":"c4867626afab749404daf321367f9b6b8e223f69","modified":1535466323148},{"_id":"themes/next/source/css/_mixins/base.styl","hash":"0882d76333ab409e8d3362c284b91a0f0ae761ae","modified":1535466322985},{"_id":"themes/next/source/js/src/utils.js","hash":"9cddff04f9ff64b1e3202e1726eff512a2ef8497","modified":1535466323153},{"_id":"themes/next/source/js/src/scrollspy.js","hash":"68d3690152c89e7adb08bb35ec28dbda2bd93686","modified":1535466323150},{"_id":"themes/next/layout/_third-party/search/localsearch.swig","hash":"71c897f9b107dd0de1b7f649633cf583c206a9db","modified":1535466322865},{"_id":"themes/next/source/css/_variables/Gemini.styl","hash":"8d6cf29f63c90364f4d3c336f7c9bb794b4c46cc","modified":1535466323084},{"_id":"themes/next/source/css/_variables/Mist.styl","hash":"a25408534f8fe6e321db4bbf9dd03335d648fe17","modified":1535466323086},{"_id":"themes/next/source/css/_variables/Pisces.styl","hash":"72927abd51d3a607a6ba32cf882390792b34e834","modified":1535466323090},{"_id":"themes/next/source/lib/font-awesome/.gitignore","hash":"03ddbf76c1dd1afb93eed0b670d2eee747472ef1","modified":1535466323158},{"_id":"themes/next/source/lib/font-awesome/.npmignore","hash":"c31ff06a740955e44edd4403902e653ccabfd4db","modified":1535466323161},{"_id":"themes/next/source/lib/font-awesome/.bower.json","hash":"b4aefc910578d76b267e86dfffdd5121c8db9aec","modified":1535466323156},{"_id":"themes/next/source/lib/font-awesome/HELP-US-OUT.txt","hash":"ee33b2798b1e714b904d663436c6b3521011d1fa","modified":1535466323165},{"_id":"themes/next/source/css/_variables/base.styl","hash":"1625e3e1da6c453108526e027dae25e311b18adf","modified":1535466323093},{"_id":"themes/next/source/lib/velocity/velocity.ui.js","hash":"dbbfb50f6502f6b81dcc9fee7b31f1e812da3464","modified":1535466323253},{"_id":"themes/next/source/lib/velocity/velocity.min.js","hash":"bf172816a9c57f9040e3d19c24e181a142daf92b","modified":1535466323250},{"_id":"themes/next/source/lib/velocity/velocity.ui.min.js","hash":"dde584994ac13dc601836e86f4cf490e418d9723","modified":1535466323255},{"_id":"themes/next/.git/objects/pack/pack-1d45304a9e2df934397f999b1181d728e71bf4be.idx","hash":"263ba21ad5bf2bd497144d3e3339682a8dcf2aa4","modified":1535466322494},{"_id":"themes/next/source/lib/font-awesome/bower.json","hash":"71e7183634dc1b9449f590f15ebd7201add22ca7","modified":1535466323168},{"_id":"themes/next/.git/logs/refs/heads/master","hash":"6dc4334d5a89bef7fe3f1044e7b563720fa1b9d4","modified":1535466322570},{"_id":"themes/next/.git/refs/remotes/origin/HEAD","hash":"d9427cda09aba1cdde5c69c2b13c905bddb0bc51","modified":1535466322555},{"_id":"themes/next/source/css/_common/components/back-to-top.styl","hash":"237d185ac62ec9877e300947fa0109c44fb8db19","modified":1535466322907},{"_id":"themes/next/layout/_third-party/search/algolia-search/assets.swig","hash":"6e076b5e183eedf425a445e99851f938789c3194","modified":1535466322863},{"_id":"themes/next/layout/_third-party/search/algolia-search/dom.swig","hash":"2530de0f3125a912756f6c0e9090cd012134a4c5","modified":1535466322863},{"_id":"themes/next/source/css/_common/components/components.styl","hash":"7ad4081466b397e2a6204141bb7768b7c01bd93c","modified":1535466322908},{"_id":"themes/next/source/css/_common/components/pagination.styl","hash":"4f2801fc4cf3f31bf2069f41db8c6ce0e3da9e39","modified":1535466322929},{"_id":"themes/next/source/css/_common/components/comments.styl","hash":"ff4489cd582f518bba6909a301ac1292a38b4e96","modified":1535466322908},{"_id":"themes/next/source/css/_common/components/buttons.styl","hash":"8b32928686c327151e13d3ab100157f9a03cd59f","modified":1535466322907},{"_id":"themes/next/source/css/_common/scaffolding/helpers.styl","hash":"1da5c800d025345f212a3bf1be035060f4e5e6ed","modified":1535466322978},{"_id":"themes/next/source/css/_common/components/back-to-top-sidebar.styl","hash":"8f86f694c0749a18ab3ad6f6df75466ca137a4bc","modified":1535466322906},{"_id":"themes/next/source/css/_common/scaffolding/base.styl","hash":"97bb39756e85f5b27bba7f43270105ad01d736c9","modified":1535466322977},{"_id":"themes/next/source/css/_common/scaffolding/mobile.styl","hash":"91ca75492cd51f2553f4d294ed2f48239fcd55eb","modified":1535466322979},{"_id":"themes/next/source/css/_common/scaffolding/tables.styl","hash":"52bc8ba71b91d954530b35dfc63b402a02b1321d","modified":1535466322981},{"_id":"themes/next/source/css/_common/components/tag-cloud.styl","hash":"6eb4bcc3056bd279d000607e8b4dad50d368ca69","modified":1535466322954},{"_id":"themes/next/source/css/_common/scaffolding/normalize.styl","hash":"3f40e8a9fe8e7bd5cfc4cf4cbbbcb9539462e973","modified":1535466322979},{"_id":"themes/next/source/css/_common/scaffolding/scaffolding.styl","hash":"a17e2b871a335f290afb392a08f94fd35f59c715","modified":1535466322980},{"_id":"themes/next/source/css/_schemes/Muse/_logo.styl","hash":"748dbfbf9c08e719ddc775958003c64b00d39dab","modified":1535466323000},{"_id":"themes/next/source/css/_schemes/Muse/_layout.styl","hash":"31127dcbf4c7b4ada53ffbf1638b5fe325b7cbc0","modified":1535466322998},{"_id":"themes/next/source/css/_schemes/Muse/_menu.styl","hash":"3cc7646583218d16925ced7b70865e63a901d4a7","modified":1535466323001},{"_id":"themes/next/source/css/_schemes/Muse/_search.styl","hash":"09c965022c13b84ed8a661fee8ac2a6d550495ae","modified":1535466323003},{"_id":"themes/next/source/css/_schemes/Mist/_base.styl","hash":"d0e9065b0dbbc01811259f0597d1790268b4881b","modified":1535466322987},{"_id":"themes/next/source/css/_schemes/Gemini/index.styl","hash":"7e4e499964c2112d47e6f9d2b6e87c31ec8269e2","modified":1535466322986},{"_id":"themes/next/source/css/_schemes/Mist/_header.styl","hash":"d0bfd1bef988c76f7d7dd72d88af6f0908a8b0db","modified":1535466322988},{"_id":"themes/next/source/css/_schemes/Mist/_menu.styl","hash":"f3aa863adf972569b72f2df6bc6a914e7daace99","modified":1535466322989},{"_id":"themes/next/source/css/_schemes/Mist/_logo.styl","hash":"b1025c421406d2c24cc92a02ae28c1915b01e240","modified":1535466322988},{"_id":"themes/next/source/css/_schemes/Mist/_search.styl","hash":"09c965022c13b84ed8a661fee8ac2a6d550495ae","modified":1535466322990},{"_id":"themes/next/source/css/_schemes/Mist/index.styl","hash":"2ccb9bdc309b7c1ef183a3dbb0a4621bec54a328","modified":1535466322991},{"_id":"themes/next/source/css/_schemes/Mist/_posts-expanded.styl","hash":"ab9bf0f94f252cae41f498bb01a8e410ad080cfb","modified":1535595249781},{"_id":"themes/next/source/css/_schemes/Pisces/_brand.styl","hash":"bce344d3a665b4c55230d2a91eac2ad16d6f32fd","modified":1535466323010},{"_id":"themes/next/source/css/_schemes/Muse/index.styl","hash":"b26f8a3394d8357a5bfd24d9f8bf62d7b4063ebb","modified":1535466323005},{"_id":"themes/next/source/css/_schemes/Pisces/_layout.styl","hash":"ccf5a4761cb0ce451b5e994cfabf8769248a45c1","modified":1535466323013},{"_id":"themes/next/source/css/_schemes/Pisces/_menu.styl","hash":"cc961108b12ab97d9216606ceb1cd1cd31ab20f0","modified":1535466323075},{"_id":"themes/next/source/lib/jquery/index.js","hash":"17a740d68a1c330876c198b6a4d9319f379f3af2","modified":1535466323241},{"_id":"themes/next/source/css/_schemes/Pisces/_posts.styl","hash":"1f6e2ce674735269599acc6d77b3ea18d31967fc","modified":1535466323076},{"_id":"themes/next/source/css/_schemes/Pisces/_sidebar.styl","hash":"df16dc995eb9ad498df2edcfc3e20528fc9aa133","modified":1535466323080},{"_id":"themes/next/source/css/_schemes/Pisces/_sub-menu.styl","hash":"be72740313a9a0477b8a22f62e4c8ffa6d23a2e5","modified":1535466323081},{"_id":"themes/next/source/css/_schemes/Pisces/index.styl","hash":"a558803ca81cceae2bdc22c18ef638fcc023681b","modified":1535466323083},{"_id":"themes/next/source/js/src/schemes/pisces.js","hash":"6ed3f2389457daa382de96a08633d9faaaaf53fb","modified":1535466323145},{"_id":"themes/next/source/css/_common/outline/outline.styl","hash":"fbb6be577529c750ef7c872fe7abdc7ab0faf0f8","modified":1535466322977},{"_id":"themes/next/source/lib/font-awesome/css/font-awesome.css.map","hash":"1573904b82807abbb32c97a3632c6c6808eaac50","modified":1535466323173},{"_id":"themes/next/source/lib/font-awesome/css/font-awesome.min.css","hash":"88af80502c44cd52ca81ffe7dc7276b7eccb06cf","modified":1535466323176},{"_id":"themes/next/source/lib/font-awesome/css/font-awesome.css","hash":"3655f1fdf1e584c4d8e8d39026093ca306a5a341","modified":1535466323171},{"_id":"themes/next/source/lib/ua-parser-js/dist/ua-parser.min.js","hash":"41ea797c68dbcff2f6fb3aba1d1043a22e7cc0f6","modified":1535466323243},{"_id":"themes/next/source/lib/ua-parser-js/dist/ua-parser.pack.js","hash":"a817b6c158cbc5bab3582713de9fe18a18a80552","modified":1535466323244},{"_id":"themes/next/source/lib/velocity/velocity.js","hash":"4237c6e9d59da349639de20e559e87c2c0218cfd","modified":1535466323248},{"_id":"themes/next/.git/logs/refs/remotes/origin/HEAD","hash":"6dc4334d5a89bef7fe3f1044e7b563720fa1b9d4","modified":1535466322555},{"_id":"themes/next/source/css/_common/components/footer/footer.styl","hash":"7dd247c8869fdefb5a007045d00f3ef8ceecf300","modified":1535466322910},{"_id":"themes/next/source/css/_common/components/header/headerband.styl","hash":"d63e0cacc53dd375fcc113465a4328c59ff5f2c1","modified":1535466322912},{"_id":"themes/next/source/css/_common/components/header/menu.styl","hash":"1a0d059799a298fe17c49a44298d32cebde93785","modified":1535466322913},{"_id":"themes/next/source/css/_common/components/header/site-meta.styl","hash":"0656e753f182c9f47fef7304c847b7587a85ef0d","modified":1535466322913},{"_id":"themes/next/source/css/_common/components/header/github-banner.styl","hash":"3f3d2a43d1a326bad25b633c8ec9ddd87867224c","modified":1535466322911},{"_id":"themes/next/source/css/_common/components/highlight/diff.styl","hash":"167986d0f649516671ddf7193eebba7b421cd115","modified":1535466322915},{"_id":"themes/next/source/css/_common/components/highlight/highlight.styl","hash":"835c1340571bd6c4ec263c482cf13283fb047e49","modified":1535466322916},{"_id":"themes/next/source/css/_common/components/header/site-nav.styl","hash":"1727702eac5d326b5c81a667944a245016668231","modified":1535466322914},{"_id":"themes/next/source/css/_common/components/pages/breadcrumb.styl","hash":"630be616447a982413030e561bbd3a80ac14b120","modified":1535466322918},{"_id":"themes/next/source/css/_common/components/header/header.styl","hash":"34f5ac3c1ed2dd31e9297cc4c0733e71bc2e252f","modified":1535466322911},{"_id":"themes/next/source/css/_common/components/pages/pages.styl","hash":"ad4cae23c8e383f4fabc9a2a95bca6055020d22e","modified":1535466322925},{"_id":"themes/next/source/css/_common/components/pages/archive.styl","hash":"b6f3a06a94a6ee5470c956663164d58eda818a64","modified":1535466322917},{"_id":"themes/next/source/css/_common/components/pages/categories.styl","hash":"7fb593f90d74a99c21840679933b9ef6fdc16a61","modified":1535466322923},{"_id":"themes/next/source/css/_common/components/highlight/theme.styl","hash":"7fe4d4d656e86276c17cb4e48a560cb6a4def703","modified":1535466322917},{"_id":"themes/next/source/css/_common/components/pages/schedule.styl","hash":"8cf318644acc8b4978537c263290363e21c7f5af","modified":1535466322926},{"_id":"themes/next/source/css/_common/components/post/post-copyright.styl","hash":"caf263d1928496688c0e1419801eafd7e6919ce5","modified":1535466322934},{"_id":"themes/next/source/css/_common/components/post/post-collapse.styl","hash":"875cbe88d5c7f6248990e2beb97c9828920e7e24","modified":1535466322932},{"_id":"themes/next/source/css/_common/components/post/post-eof.styl","hash":"a200c0a1c5a895ac9dc41e0641a5dfcd766be99b","modified":1535466322935},{"_id":"themes/next/source/css/_common/components/post/post-gallery.styl","hash":"cd9e214e502697f2f2db84eb721bac57a49b0fce","modified":1535466322936},{"_id":"themes/next/source/css/_common/components/post/post-button.styl","hash":"62fbbd32cf5a99ae550c45c763a2c4813a138d01","modified":1535466322931},{"_id":"themes/next/source/css/_common/components/post/post-meta.styl","hash":"330c8884efb5612e7eb03986d87d29e8b0651974","modified":1535466322937},{"_id":"themes/next/source/css/_common/components/post/post-nav.styl","hash":"27deb3d3a243d30022055dac7dad851024099a8b","modified":1535466322938},{"_id":"themes/next/source/css/_common/components/post/post-reading_progress.styl","hash":"82bc7fa5d38d98e98cc25f9a73189024fda25e63","modified":1535466322938},{"_id":"themes/next/source/css/_common/components/post/post-reward.styl","hash":"ff50a32ae6fea5fcdf2939dc9b01e1eb76cc73f0","modified":1535466322939},{"_id":"themes/next/source/css/_common/components/pages/post-detail.styl","hash":"4e3838d7ac81d9ad133960f0f7ed58a44a015285","modified":1535466322925},{"_id":"themes/next/source/css/_common/components/post/post-title.styl","hash":"adfd6d2d3b34adc4b476a0ea91e19020456a3b1a","modified":1535466322941},{"_id":"themes/next/source/css/_common/components/post/post-expand.styl","hash":"317c9ceda655e9dc373ce8e7b71d20b794fce9a4","modified":1535466322936},{"_id":"themes/next/source/css/_common/components/post/post-tags.styl","hash":"5a982d8ef3b3623ea5f59e63728990f5623c1b57","modified":1535466322940},{"_id":"themes/next/source/css/_common/components/post/post-widgets.styl","hash":"5c3141d58970a0614896b6a62fd7a8a8caf4e401","modified":1535466322944},{"_id":"themes/next/source/css/_common/components/post/post-type.styl","hash":"01567edaea6978628aa5521a122a85434c418bfd","modified":1535466322941},{"_id":"themes/next/source/css/_common/components/post/post-rtl.styl","hash":"b2495ae5e04dcca610aacadc47881d9e716cd440","modified":1535466322940},{"_id":"themes/next/source/css/_common/components/sidebar/sidebar-author.styl","hash":"00a504620c454287111dc0ace64c989e1ff97f54","modified":1535466322947},{"_id":"themes/next/source/css/_common/components/sidebar/sidebar-blogroll.styl","hash":"8dd9a1c6f4f6baa00c2cf01837e7617120cf9660","modified":1535466322948},{"_id":"themes/next/source/css/_common/components/sidebar/sidebar-feed-link.styl","hash":"61f8cea3c01acd600e90e1bc2a07def405503748","modified":1535466322950},{"_id":"themes/next/source/css/_common/components/sidebar/sidebar-nav.styl","hash":"1153bb71edf253765145559674390e16dd67c633","modified":1535466322951},{"_id":"themes/next/source/css/_common/components/sidebar/sidebar-author-links.styl","hash":"fa57ec9a6f1943c0558856dfba2d6b8faca0cd4d","modified":1535466322946},{"_id":"themes/next/source/css/_common/components/sidebar/sidebar-toggle.styl","hash":"a1521d48bb06d8d703753f52a198baa197af7da2","modified":1535466322952},{"_id":"themes/next/source/css/_common/components/sidebar/sidebar-dimmer.styl","hash":"11c22f0fb3f6beb13e5a425ec064a4ff974c13b7","modified":1535466322949},{"_id":"themes/next/source/css/_common/components/post/post.styl","hash":"bb8162bb7c7b0b255a0e8e234eb382a0879a4962","modified":1535466322945},{"_id":"themes/next/source/css/_common/components/tags/blockquote-center.styl","hash":"2fe76476432b31993338cb45cdb3b29a518b6379","modified":1535466322955},{"_id":"themes/next/source/css/_common/components/sidebar/site-state.styl","hash":"e71652d3216e289c8548b1ea2357822c1476a425","modified":1535466322953},{"_id":"themes/next/source/css/_common/components/tags/full-image.styl","hash":"2d58ad90f148e845bc7023751a7a13260600f8d6","modified":1535466322956},{"_id":"themes/next/source/css/_common/components/tags/group-pictures.styl","hash":"2ad1a2a9bbf6742d1b0762c4c623b68113d1e0fe","modified":1535466322960},{"_id":"themes/next/source/css/_common/components/tags/exturl.styl","hash":"02ee0eb49c256ecb4e71bbc65072f9147418d7d7","modified":1535466322955},{"_id":"themes/next/source/css/_common/components/sidebar/sidebar.styl","hash":"94d76e6da600a36d80e2470326ebb6b3be447ccb","modified":1535466322952},{"_id":"themes/next/source/css/_common/components/tags/label.styl","hash":"2ab1322fe52ab5aafd49e68f5bd890e8380ee927","modified":1535466322962},{"_id":"themes/next/source/css/_common/components/sidebar/sidebar-toc.styl","hash":"9e05a2232faabb41bcebb51d545d897a76f077da","modified":1535466322951},{"_id":"themes/next/source/css/_common/components/tags/tags.styl","hash":"b80604868e4f5cf20fccafd7ee415c20c804f700","modified":1535466322970},{"_id":"themes/next/source/css/_common/components/tags/tabs.styl","hash":"154a87a32d2fead480d5e909c37f6c476671c5e6","modified":1535466322969},{"_id":"themes/next/source/css/_common/components/third-party/algolia-search.styl","hash":"f4d8144c22544bdb89787c14ab9d39578dae4b7c","modified":1535466322971},{"_id":"themes/next/source/css/_common/components/third-party/gitment.styl","hash":"874278147115601d2abf15987f5f7a84ada1ac6b","modified":1535466322972},{"_id":"themes/next/source/css/_common/components/tags/note-modern.styl","hash":"b7076e58d647265ee0ad2b461fe8ce72c9373bc5","modified":1535466322965},{"_id":"themes/next/source/css/_common/components/tags/note.styl","hash":"9a409b798decdefdaf7a23f0b11004a8c27e82f3","modified":1535466322967},{"_id":"themes/next/source/css/_common/components/third-party/localsearch.styl","hash":"16087276945fa038f199692e3eabb1c52b8ea633","modified":1535466322973},{"_id":"themes/next/source/css/_common/components/third-party/needsharebutton.styl","hash":"28825ae15fa20ae3942cdaa7bcc1f3523ce59acc","modified":1535466322974},{"_id":"themes/next/source/css/_common/components/third-party/third-party.styl","hash":"c31fbaec7e6373ecfb8588500b972d451695a6ad","modified":1535466322976},{"_id":"themes/next/source/lib/font-awesome/fonts/fontawesome-webfont.woff","hash":"28b782240b3e76db824e12c02754a9731a167527","modified":1535466323230},{"_id":"themes/next/source/lib/font-awesome/fonts/fontawesome-webfont.woff2","hash":"d6f48cba7d076fb6f2fd6ba993a75b9dc1ecbf0c","modified":1535466323236},{"_id":"themes/next/source/css/_schemes/Muse/sidebar/sidebar-blogroll.styl","hash":"1f09be9bb38411f0629b58c3b23873589a6dbcaa","modified":1535466323007},{"_id":"themes/next/source/css/_common/components/third-party/related-posts.styl","hash":"acfdd76b1c90d2e384affb3d0006a39b524609d2","modified":1535466322975},{"_id":"themes/next/source/css/_common/components/third-party/busuanzi-counter.styl","hash":"a6e7d698702c2e383dde3fde2abde27951679084","modified":1535466322971},{"_id":"themes/next/source/css/_common/components/third-party/han.styl","hash":"10599e16414a8b7a76c4e79e6617b5fe3d4d1adf","modified":1535466322973},{"_id":"themes/next/source/css/_schemes/Mist/sidebar/sidebar-blogroll.styl","hash":"1f09be9bb38411f0629b58c3b23873589a6dbcaa","modified":1535466322995},{"_id":"themes/next/source/css/_schemes/Mist/outline/outline.styl","hash":"a07aa12cc36ac5c819670c2a3c17d07ed7a08986","modified":1535466322992},{"_id":"themes/next/source/lib/font-awesome/fonts/fontawesome-webfont.eot","hash":"d980c2ce873dc43af460d4d572d441304499f400","modified":1535466323181},{"_id":"themes/next/.git/objects/pack/pack-1d45304a9e2df934397f999b1181d728e71bf4be.pack","hash":"0dbe365b3a343b95832bb592c93a244d7e35b3ac","modified":1535466322499},{"_id":"source/call-for-paper/index.md","hash":"c57467ac7cc994f11e76d80a38a67c8f92f1a7b0","modified":1535481247294},{"_id":"source/map/index.md","hash":"f85add4e6839482d5631728f9c8e6c374a4d71a7","modified":1535509409282},{"_id":"source/venue/index.md","hash":"f85add4e6839482d5631728f9c8e6c374a4d71a7","modified":1535509409282},{"_id":"source/Call-for-paper/index.md","hash":"87179b0d9059236d1fe71a155fe1e03fb41b00f6","modified":1535590491789},{"_id":"source/Venue/index.md","hash":"2d29b7174d59589ed34e92dfc240d26d735dff4c","modified":1535596243348}],"Category":[],"Data":[],"Page":[{"title":"","date":"2018-08-28T18:10:08.000Z","_content":"# Scope\nThe topics of interest include, but are not limited to:\n\n-\tArtificial Intelligence\n-\tMachine Learning\n-\tBig Data Analytics\n-\tSoftware Engineering\n-\tDigital Signal/Image/Audio Processing\n-\tPattern Recognition\n-\tComputer Graphics\n-\tPower Electronics\n-\tFuzzy Sets And Fuzzy Logic\n-\tWireless Communications\n-\tWireless Networks\n-\tMobile Computing\n-\tSoftware Defined Wireless Networks\n-\tInformation Security\n\n---\n\n# Submission\n\n- Each paper should be written in English, whose length should not be less than 4 pages. It could be one of two types of papers: research paper and survey paper, and should follow the [IEEE format](http://www.ieee.org/conferences_events/conferences/publishing/templates.html).\n\n- Each paper should be submitted in PDF. The paper submission information (such as website and email) will be announced later.\n\n- Please click **[HERE](http://google.com/)** to submit paper.\n","source":"Call-for-paper/index.md","raw":"---\ntitle:\ndate: 2018-08-29 02:10:08\n---\n# Scope\nThe topics of interest include, but are not limited to:\n\n-\tArtificial Intelligence\n-\tMachine Learning\n-\tBig Data Analytics\n-\tSoftware Engineering\n-\tDigital Signal/Image/Audio Processing\n-\tPattern Recognition\n-\tComputer Graphics\n-\tPower Electronics\n-\tFuzzy Sets And Fuzzy Logic\n-\tWireless Communications\n-\tWireless Networks\n-\tMobile Computing\n-\tSoftware Defined Wireless Networks\n-\tInformation Security\n\n---\n\n# Submission\n\n- Each paper should be written in English, whose length should not be less than 4 pages. It could be one of two types of papers: research paper and survey paper, and should follow the [IEEE format](http://www.ieee.org/conferences_events/conferences/publishing/templates.html).\n\n- Each paper should be submitted in PDF. The paper submission information (such as website and email) will be announced later.\n\n- Please click **[HERE](http://google.com/)** to submit paper.\n","updated":"2018-08-30T00:54:51.789Z","path":"Call-for-paper/index.html","_id":"cjlfut1ht0000rkucung1h8br","comments":1,"layout":"page","content":"<h1 id=\"Scope\"><a href=\"#Scope\" class=\"headerlink\" title=\"Scope\"></a>Scope</h1><p>The topics of interest include, but are not limited to:</p>\n<ul>\n<li>Artificial Intelligence</li>\n<li>Machine Learning</li>\n<li>Big Data Analytics</li>\n<li>Software Engineering</li>\n<li>Digital Signal/Image/Audio Processing</li>\n<li>Pattern Recognition</li>\n<li>Computer Graphics</li>\n<li>Power Electronics</li>\n<li>Fuzzy Sets And Fuzzy Logic</li>\n<li>Wireless Communications</li>\n<li>Wireless Networks</li>\n<li>Mobile Computing</li>\n<li>Software Defined Wireless Networks</li>\n<li>Information Security</li>\n</ul>\n<hr>\n<h1 id=\"Submission\"><a href=\"#Submission\" class=\"headerlink\" title=\"Submission\"></a>Submission</h1><ul>\n<li><p>Each paper should be written in English, whose length should not be less than 4 pages. It could be one of two types of papers: research paper and survey paper, and should follow the <a href=\"http://www.ieee.org/conferences_events/conferences/publishing/templates.html\" target=\"_blank\" rel=\"noopener\">IEEE format</a>.</p>\n</li>\n<li><p>Each paper should be submitted in PDF. The paper submission information (such as website and email) will be announced later.</p>\n</li>\n<li><p>Please click <strong><a href=\"http://google.com/\" target=\"_blank\" rel=\"noopener\">HERE</a></strong> to submit paper.</p>\n</li>\n</ul>\n","site":{"data":{}},"excerpt":"","more":"<h1 id=\"Scope\"><a href=\"#Scope\" class=\"headerlink\" title=\"Scope\"></a>Scope</h1><p>The topics of interest include, but are not limited to:</p>\n<ul>\n<li>Artificial Intelligence</li>\n<li>Machine Learning</li>\n<li>Big Data Analytics</li>\n<li>Software Engineering</li>\n<li>Digital Signal/Image/Audio Processing</li>\n<li>Pattern Recognition</li>\n<li>Computer Graphics</li>\n<li>Power Electronics</li>\n<li>Fuzzy Sets And Fuzzy Logic</li>\n<li>Wireless Communications</li>\n<li>Wireless Networks</li>\n<li>Mobile Computing</li>\n<li>Software Defined Wireless Networks</li>\n<li>Information Security</li>\n</ul>\n<hr>\n<h1 id=\"Submission\"><a href=\"#Submission\" class=\"headerlink\" title=\"Submission\"></a>Submission</h1><ul>\n<li><p>Each paper should be written in English, whose length should not be less than 4 pages. It could be one of two types of papers: research paper and survey paper, and should follow the <a href=\"http://www.ieee.org/conferences_events/conferences/publishing/templates.html\" target=\"_blank\" rel=\"noopener\">IEEE format</a>.</p>\n</li>\n<li><p>Each paper should be submitted in PDF. The paper submission information (such as website and email) will be announced later.</p>\n</li>\n<li><p>Please click <strong><a href=\"http://google.com/\" target=\"_blank\" rel=\"noopener\">HERE</a></strong> to submit paper.</p>\n</li>\n</ul>\n"},{"title":"","date":"2018-08-29T02:21:18.000Z","_content":"\n<iframe src=\"http://www.google.cn/maps/embed?pb=!1m18!1m12!1m3!1d1847.6621922950415!2d113.56622475796306!3d22.15172099635028!2m3!1f0!2f0!3f0!3m2!1i1024!2i768!4f13.1!3m3!1m2!1s0x34017006a1f9e4bf%3A0x6613e1cd6c7f1d18!2sMacau+University+of+Science+and+Technology%2C+Macau!5e0!3m2!1sen!2scn!4v1535596149169\" width=\"600\" height=\"450\" frameborder=\"0\" style=\"border:0\" align=\"middle\"  allowfullscreen></iframe>\n","source":"Venue/index.md","raw":"---\ntitle:\ndate: 2018-08-29 10:21:18\n---\n\n<iframe src=\"http://www.google.cn/maps/embed?pb=!1m18!1m12!1m3!1d1847.6621922950415!2d113.56622475796306!3d22.15172099635028!2m3!1f0!2f0!3f0!3m2!1i1024!2i768!4f13.1!3m3!1m2!1s0x34017006a1f9e4bf%3A0x6613e1cd6c7f1d18!2sMacau+University+of+Science+and+Technology%2C+Macau!5e0!3m2!1sen!2scn!4v1535596149169\" width=\"600\" height=\"450\" frameborder=\"0\" style=\"border:0\" align=\"middle\"  allowfullscreen></iframe>\n","updated":"2018-08-30T02:30:43.348Z","path":"Venue/index.html","_id":"cjlfut1hv0001rkucpuuy3ifj","comments":1,"layout":"page","content":"<iframe src=\"http://www.google.cn/maps/embed?pb=!1m18!1m12!1m3!1d1847.6621922950415!2d113.56622475796306!3d22.15172099635028!2m3!1f0!2f0!3f0!3m2!1i1024!2i768!4f13.1!3m3!1m2!1s0x34017006a1f9e4bf%3A0x6613e1cd6c7f1d18!2sMacau+University+of+Science+and+Technology%2C+Macau!5e0!3m2!1sen!2scn!4v1535596149169\" width=\"600\" height=\"450\" frameborder=\"0\" style=\"border:0\" align=\"middle\" allowfullscreen></iframe>\n","site":{"data":{}},"excerpt":"","more":"<iframe src=\"http://www.google.cn/maps/embed?pb=!1m18!1m12!1m3!1d1847.6621922950415!2d113.56622475796306!3d22.15172099635028!2m3!1f0!2f0!3f0!3m2!1i1024!2i768!4f13.1!3m3!1m2!1s0x34017006a1f9e4bf%3A0x6613e1cd6c7f1d18!2sMacau+University+of+Science+and+Technology%2C+Macau!5e0!3m2!1sen!2scn!4v1535596149169\" width=\"600\" height=\"450\" frameborder=\"0\" style=\"border:0\" align=\"middle\" allowfullscreen></iframe>\n"}],"Post":[{"title":"<p style=\"display:none;\"> Please read carefully </p>","_content":"## Goal\n\nThe 2nd PhD Student Seminar 2018 provides a platform for FI PhD students to meet together and discuss their research findings and the latest advancements in their own disciplines. The seminar seeks original, UNPUBLISHED research papers reporting the latest research of each PhD student.\n\n---\n\n## Important date\n\n<font color = red> Abstact Due:       September 6, 2018 (tentative)\nFull Paper Due:     September 6, 2018 (tentative)\nOral Presentation: \t September 13, 2018 (tentative)</font><br>\n\n\n English is the official language for the presentation. The power point file (ppt) for oral presenation should also be submitted before the formal oral presentation. More details on the scheduling of oral presentation will be announced later.\n\n\n---\n\n\n## Fi policy for PHD students\n\nFI PhD course, DIIZ11 (LITERATURE SURVEY AND THESIS PLANNING), consists of FI PhD Student Seminar (20% of the total score) and Fl PhD Proposal Defense (80% of the total score). Before applying for the PhD Proposal Defense, a PhD student MUST attend the PhD Student Seminar (each student is required to submit an annual report and conduct an oral presentation).\n\n---\n\n## Contact\n\nFor any inquiry , please contact Joey Wong at 8897-2240 or email by lmawong@must.edu.mo.\n\n---\n","source":"_posts/hello-world.md","raw":"title: <p style=\"display:none;\"> Please read carefully </p>\n\n---\n## Goal\n\nThe 2nd PhD Student Seminar 2018 provides a platform for FI PhD students to meet together and discuss their research findings and the latest advancements in their own disciplines. The seminar seeks original, UNPUBLISHED research papers reporting the latest research of each PhD student.\n\n---\n\n## Important date\n\n<font color = red> Abstact Due:       September 6, 2018 (tentative)\nFull Paper Due:     September 6, 2018 (tentative)\nOral Presentation: \t September 13, 2018 (tentative)</font><br>\n\n\n English is the official language for the presentation. The power point file (ppt) for oral presenation should also be submitted before the formal oral presentation. More details on the scheduling of oral presentation will be announced later.\n\n\n---\n\n\n## Fi policy for PHD students\n\nFI PhD course, DIIZ11 (LITERATURE SURVEY AND THESIS PLANNING), consists of FI PhD Student Seminar (20% of the total score) and Fl PhD Proposal Defense (80% of the total score). Before applying for the PhD Proposal Defense, a PhD student MUST attend the PhD Student Seminar (each student is required to submit an annual report and conduct an oral presentation).\n\n---\n\n## Contact\n\nFor any inquiry , please contact Joey Wong at 8897-2240 or email by lmawong@must.edu.mo.\n\n---\n","slug":"hello-world","published":1,"date":"2018-08-26T05:08:41.819Z","updated":"2018-08-30T02:08:52.620Z","_id":"cjlaea6lo0000nwucek4c5pxz","comments":1,"layout":"post","photos":[],"link":"","content":"<h2 id=\"Goal\"><a href=\"#Goal\" class=\"headerlink\" title=\"Goal\"></a>Goal</h2><p>The 2nd PhD Student Seminar 2018 provides a platform for FI PhD students to meet together and discuss their research findings and the latest advancements in their own disciplines. The seminar seeks original, UNPUBLISHED research papers reporting the latest research of each PhD student.</p>\n<hr>\n<h2 id=\"Important-date\"><a href=\"#Important-date\" class=\"headerlink\" title=\"Important date\"></a>Important date</h2><p><font color=\"red\"> Abstact Due:       September 6, 2018 (tentative)<br>Full Paper Due:     September 6, 2018 (tentative)<br>Oral Presentation:      September 13, 2018 (tentative)</font><br></p>\n<p> English is the official language for the presentation. The power point file (ppt) for oral presenation should also be submitted before the formal oral presentation. More details on the scheduling of oral presentation will be announced later.</p>\n<hr>\n<h2 id=\"Fi-policy-for-PHD-students\"><a href=\"#Fi-policy-for-PHD-students\" class=\"headerlink\" title=\"Fi policy for PHD students\"></a>Fi policy for PHD students</h2><p>FI PhD course, DIIZ11 (LITERATURE SURVEY AND THESIS PLANNING), consists of FI PhD Student Seminar (20% of the total score) and Fl PhD Proposal Defense (80% of the total score). Before applying for the PhD Proposal Defense, a PhD student MUST attend the PhD Student Seminar (each student is required to submit an annual report and conduct an oral presentation).</p>\n<hr>\n<h2 id=\"Contact\"><a href=\"#Contact\" class=\"headerlink\" title=\"Contact\"></a>Contact</h2><p>For any inquiry , please contact Joey Wong at 8897-2240 or email by <a href=\"mailto:lmawong@must.edu.mo\" target=\"_blank\" rel=\"noopener\">lmawong@must.edu.mo</a>.</p>\n<hr>\n","site":{"data":{}},"excerpt":"","more":"<h2 id=\"Goal\"><a href=\"#Goal\" class=\"headerlink\" title=\"Goal\"></a>Goal</h2><p>The 2nd PhD Student Seminar 2018 provides a platform for FI PhD students to meet together and discuss their research findings and the latest advancements in their own disciplines. The seminar seeks original, UNPUBLISHED research papers reporting the latest research of each PhD student.</p>\n<hr>\n<h2 id=\"Important-date\"><a href=\"#Important-date\" class=\"headerlink\" title=\"Important date\"></a>Important date</h2><p><font color=\"red\"> Abstact Due:       September 6, 2018 (tentative)<br>Full Paper Due:     September 6, 2018 (tentative)<br>Oral Presentation:      September 13, 2018 (tentative)</font><br></p>\n<p> English is the official language for the presentation. The power point file (ppt) for oral presenation should also be submitted before the formal oral presentation. More details on the scheduling of oral presentation will be announced later.</p>\n<hr>\n<h2 id=\"Fi-policy-for-PHD-students\"><a href=\"#Fi-policy-for-PHD-students\" class=\"headerlink\" title=\"Fi policy for PHD students\"></a>Fi policy for PHD students</h2><p>FI PhD course, DIIZ11 (LITERATURE SURVEY AND THESIS PLANNING), consists of FI PhD Student Seminar (20% of the total score) and Fl PhD Proposal Defense (80% of the total score). Before applying for the PhD Proposal Defense, a PhD student MUST attend the PhD Student Seminar (each student is required to submit an annual report and conduct an oral presentation).</p>\n<hr>\n<h2 id=\"Contact\"><a href=\"#Contact\" class=\"headerlink\" title=\"Contact\"></a>Contact</h2><p>For any inquiry , please contact Joey Wong at 8897-2240 or email by <a href=\"mailto:lmawong@must.edu.mo\" target=\"_blank\" rel=\"noopener\">lmawong@must.edu.mo</a>.</p>\n<hr>\n"}],"PostAsset":[],"PostCategory":[],"PostTag":[],"Tag":[]}}